<?xml version="1.0"?>
<ruleset name="WP-API">
	<description>Sniffs for the coding standards of the WP-API plugin</description>

	<rule ref="WordPress-VIP">
		<exclude name="WordPress.VIP.FileSystemWritesDisallow" />
		<exclude name="WordPress.VIP.RestrictedFunctions" />
		<exclude name="WordPress.VIP.RestrictedVariables" />
		<exclude name="WordPress.VIP.SuperGlobalInputUsage" />
		<exclude name="WordPress.VIP.ValidatedSanitizedInput" />
		<exclude name="WordPress.CSRF.NonceVerification" />
		<exclude name="WordPress.XSS.EscapeOutput" />
	</rule>
</ruleset>
